{"cameraMode":{"drawMode":0,"name":"Shaded","section":"Shading Mode"},"sceneLighting":true,"audioPlay":false,"sceneViewState":{"m_AlwaysRefresh":false,"showFog":true,"showSkybox":true,"showFlares":true,"showImageEffects":true,"showParticleSystems":true,"showVisualEffectGraphs":true,"m_FxEnabled":false},"in2DMode":false,"pivot":{"x":-0.3931690752506256,"y":3.7913501262664797,"z":-0.742874026298523},"rotation":{"x":-0.16603609919548036,"y":-0.0038486465346068146,"z":0.0006479029543697834,"w":-0.9861127138137817},"size":14.933098793029786,"orthographic":false}